{"cameraMode":{"drawMode":0,"name":"Shaded","section":"Shading Mode"},"sceneLighting":true,"audioPlay":false,"sceneViewState":{"showFog":true,"showMaterialUpdate":true,"showSkybox":true,"showFlares":true,"showImageEffects":true,"showParticleSystems":true},"in2DMode":false,"pivot":{"x":-24.700002670288087,"y":39.000003814697269,"z":-182.60000610351563},"rotation":{"x":-0.0357789620757103,"y":0.9506257176399231,"z":-0.11892290413379669,"w":-0.28466805815696719},"size":69.75933074951172,"orthographic":false}