{"cameraMode":{"drawMode":0,"name":"Shaded","section":"Shading Mode"},"sceneLighting":true,"audioPlay":false,"sceneViewState":{"showFog":true,"showMaterialUpdate":true,"showSkybox":true,"showFlares":true,"showImageEffects":true,"showParticleSystems":true},"in2DMode":false,"pivot":{"x":-27.587486267089845,"y":5.014986038208008,"z":-74.94886016845703},"rotation":{"x":-0.010208258405327797,"y":0.9889441132545471,"z":-0.05793686583638191,"w":-0.13816213607788087},"size":869.9752807617188,"orthographic":false}