{"cameraMode":{"drawMode":0,"name":"Shaded","section":"Shading Mode"},"sceneLighting":true,"audioPlay":false,"sceneViewState":{"showFog":true,"showMaterialUpdate":true,"showSkybox":true,"showFlares":true,"showImageEffects":true,"showParticleSystems":true},"in2DMode":false,"pivot":{"x":-43.217689514160159,"y":41.80792999267578,"z":15.14471435546875},"rotation":{"x":-0.023970231413841249,"y":0.9754526615142822,"z":-0.10210917890071869,"w":-0.19471795856952668},"size":133.0196990966797,"orthographic":false}