{"cameraMode":{"drawMode":0,"name":"Shaded","section":"Shading Mode"},"sceneLighting":true,"audioPlay":false,"sceneViewState":{"showFog":true,"showMaterialUpdate":true,"showSkybox":true,"showFlares":true,"showImageEffects":true,"showParticleSystems":true},"in2DMode":false,"pivot":{"x":15.091564178466797,"y":14.440893173217774,"z":-2.564446210861206},"rotation":{"x":-0.035231225192546847,"y":0.9632952809333801,"z":-0.22182242572307588,"w":-0.14801283180713654},"size":856.0133666992188,"orthographic":false}