{"cameraMode":{"drawMode":0,"name":"Shaded","section":"Shading Mode"},"sceneLighting":true,"audioPlay":false,"sceneViewState":{"showFog":true,"showMaterialUpdate":true,"showSkybox":true,"showFlares":true,"showImageEffects":true,"showParticleSystems":true},"in2DMode":false,"pivot":{"x":74.7078628540039,"y":18.573204040527345,"z":42.9188232421875},"rotation":{"x":-0.014288652688264847,"y":0.9806894659996033,"z":-0.06475035846233368,"w":-0.18539752066135407},"size":267.1243896484375,"orthographic":false}