{"cameraMode":{"drawMode":0,"name":"Shaded","section":"Shading Mode"},"sceneLighting":true,"audioPlay":false,"sceneViewState":{"showFog":true,"showMaterialUpdate":true,"showSkybox":true,"showFlares":true,"showImageEffects":true,"showParticleSystems":true},"in2DMode":false,"pivot":{"x":107.00001525878906,"y":-29.192520141601564,"z":162.00001525878907},"rotation":{"x":-0.05721695348620415,"y":0.9448827505111694,"z":-0.23559334874153138,"w":-0.22122839093208314},"size":152.61227416992188,"orthographic":false}