{"cameraMode":{"drawMode":0,"name":"Shaded","section":"Shading Mode"},"sceneLighting":true,"audioPlay":false,"sceneViewState":{"showFog":true,"showMaterialUpdate":true,"showSkybox":true,"showFlares":true,"showImageEffects":true,"showParticleSystems":true},"in2DMode":false,"pivot":{"x":52.16044235229492,"y":36.56067657470703,"z":-26.977519989013673},"rotation":{"x":-0.01826762966811657,"y":0.9525823593139648,"z":-0.298125684261322,"w":-0.05837009474635124},"size":644.0234985351563,"orthographic":false}