{"cameraMode":{"drawMode":0,"name":"Shaded","section":"Shading Mode"},"sceneLighting":true,"audioPlay":false,"sceneViewState":{"showFog":true,"showMaterialUpdate":false,"showSkybox":true,"showFlares":true,"showImageEffects":true,"showParticleSystems":true},"in2DMode":false,"pivot":{"x":-47.16081237792969,"y":17.155155181884767,"z":2.6891098022460939},"rotation":{"x":-0.02403348498046398,"y":0.9554687738418579,"z":-0.28334030508995058,"w":-0.08004535734653473},"size":351.1807556152344,"orthographic":true}