{"cameraMode":{"drawMode":0,"name":"Shaded","section":"Shading Mode"},"sceneLighting":true,"audioPlay":false,"sceneViewState":{"showFog":true,"showMaterialUpdate":false,"showSkybox":true,"showFlares":true,"showImageEffects":true,"showParticleSystems":true},"in2DMode":false,"pivot":{"x":60.980003356933597,"y":6.279999732971191,"z":44.27000045776367},"rotation":{"x":-0.0137655483558774,"y":0.96910160779953,"z":-0.055599551647901538,"w":-0.23992960155010224},"size":138.6305389404297,"orthographic":false}