{"cameraMode":{"drawMode":0,"name":"Shaded","section":"Shading Mode"},"sceneLighting":true,"audioPlay":false,"sceneViewState":{"showFog":true,"showMaterialUpdate":true,"showSkybox":true,"showFlares":true,"showImageEffects":true,"showParticleSystems":true},"in2DMode":false,"pivot":{"x":79.17696380615235,"y":12.125996589660645,"z":55.9241828918457},"rotation":{"x":-0.0222760122269392,"y":0.9758857488632202,"z":-0.10549326986074448,"w":-0.1906643658876419},"size":59.69683837890625,"orthographic":false}