{"cameraMode":{"drawMode":0,"name":"Shaded","section":"Shading Mode"},"sceneLighting":true,"audioPlay":false,"sceneViewState":{"showFog":true,"showMaterialUpdate":true,"showSkybox":true,"showFlares":true,"showImageEffects":true,"showParticleSystems":true},"in2DMode":false,"pivot":{"x":15.135790824890137,"y":-39.382606506347659,"z":-7.95419454574585},"rotation":{"x":-0.09629043191671372,"y":0.9082727432250977,"z":-0.2975711226463318,"w":-0.27870962023735049},"size":92.83151245117188,"orthographic":true}