{"cameraMode":{"drawMode":0,"name":"Shaded","section":"Shading Mode"},"sceneLighting":true,"audioPlay":false,"sceneViewState":{"showFog":true,"showMaterialUpdate":false,"showSkybox":true,"showFlares":true,"showImageEffects":true,"showParticleSystems":true},"in2DMode":false,"pivot":{"x":-461.53131103515627,"y":42.48090362548828,"z":18.26025390625},"rotation":{"x":-0.11796300858259201,"y":0.7961821556091309,"z":-0.16330432891845704,"w":-0.5708045363426209},"size":657.8648681640625,"orthographic":true}