{"cameraMode":{"drawMode":0,"name":"Shaded","section":"Shading Mode"},"sceneLighting":true,"audioPlay":false,"sceneViewState":{"showFog":true,"showMaterialUpdate":true,"showSkybox":true,"showFlares":true,"showImageEffects":true,"showParticleSystems":true},"in2DMode":false,"pivot":{"x":204.1999969482422,"y":69.0999984741211,"z":-38.0},"rotation":{"x":-0.013584639877080918,"y":0.8505858778953552,"z":-0.021941570565104486,"w":-0.5252459049224854},"size":139.83840942382813,"orthographic":false}