{"cameraMode":{"drawMode":0,"name":"Shaded","section":"Shading Mode"},"sceneLighting":true,"audioPlay":false,"sceneViewState":{"showFog":true,"showMaterialUpdate":true,"showSkybox":true,"showFlares":true,"showImageEffects":true,"showParticleSystems":true},"in2DMode":false,"pivot":{"x":-20.333471298217775,"y":69.02342987060547,"z":-58.34687805175781},"rotation":{"x":-0.032915160059928897,"y":0.7839205265045166,"z":-0.03937221318483353,"w":-0.6190997362136841},"size":125.64396667480469,"orthographic":false}