{"cameraMode":{"drawMode":0,"name":"Shaded","section":"Shading Mode"},"sceneLighting":true,"audioPlay":false,"sceneViewState":{"showFog":true,"showMaterialUpdate":true,"showSkybox":true,"showFlares":true,"showImageEffects":true,"showParticleSystems":true},"in2DMode":false,"pivot":{"x":-50.7407341003418,"y":2.192054510116577,"z":-50.13665008544922},"rotation":{"x":-0.043919600546360019,"y":0.9465607404708862,"z":-0.14286047220230103,"w":-0.28626421093940737},"size":913.5326538085938,"orthographic":false}