{"cameraMode":{"drawMode":0,"name":"Shaded","section":"Shading Mode"},"sceneLighting":true,"audioPlay":false,"sceneViewState":{"showFog":true,"showMaterialUpdate":false,"showSkybox":true,"showFlares":true,"showImageEffects":true,"showParticleSystems":true},"in2DMode":false,"pivot":{"x":73.51632690429688,"y":7.954219818115234,"z":61.6308479309082},"rotation":{"x":-0.026289522647857667,"y":0.8575046062469482,"z":-0.04403666406869888,"w":-0.5119170546531677},"size":9.162127494812012,"orthographic":false}