{"cameraMode":{"drawMode":0,"name":"Shaded","section":"Shading Mode"},"sceneLighting":true,"audioPlay":false,"sceneViewState":{"showFog":true,"showMaterialUpdate":false,"showSkybox":true,"showFlares":true,"showImageEffects":true,"showParticleSystems":true},"in2DMode":false,"pivot":{"x":234.7136993408203,"y":175.25494384765626,"z":377.7792053222656},"rotation":{"x":-0.016013246029615403,"y":0.9750756025314331,"z":-0.07351887971162796,"w":-0.20901642739772798},"size":351.69403076171877,"orthographic":true}