{"cameraMode":{"drawMode":0,"name":"Shaded","section":"Shading Mode"},"sceneLighting":true,"audioPlay":false,"sceneViewState":{"showFog":true,"showMaterialUpdate":true,"showSkybox":true,"showFlares":true,"showImageEffects":true,"showParticleSystems":true},"in2DMode":false,"pivot":{"x":167.87445068359376,"y":99.80000305175781,"z":-316.1417541503906},"rotation":{"x":0.007573486305773258,"y":0.9873504042625427,"z":0.050102174282073978,"w":-0.15042845904827119},"size":273.67413330078127,"orthographic":true}